<?xml version="1.0"?>
<Runs Version="1" Minor="0">
	<Run Id="design_1_blk_mem_gen_0_0_synth_1" LaunchDir="C:/ECE527/ECE527/FP/Final_Project/Final_Project.runs/design_1_blk_mem_gen_0_0_synth_1" FlowId="Vivado_Synthesis" FromStepId="vivado" ToStepId="vivado"/>
	<Run Id="design_1_axi_smc_0_synth_1" LaunchDir="C:/ECE527/ECE527/FP/Final_Project/Final_Project.runs/design_1_axi_smc_0_synth_1" FlowId="Vivado_Synthesis" FromStepId="vivado" ToStepId="vivado"/>
	<Run Id="design_1_axi_bram_ctrl_0_0_synth_1" LaunchDir="C:/ECE527/ECE527/FP/Final_Project/Final_Project.runs/design_1_axi_bram_ctrl_0_0_synth_1" FlowId="Vivado_Synthesis" FromStepId="vivado" ToStepId="vivado"/>
	<Run Id="synth_1" LaunchDir="C:/ECE527/ECE527/FP/Final_Project/Final_Project.runs/synth_1" FlowId="Vivado_Synthesis" FromStepId="vivado" ToStepId="vivado">
		<Parent Id="design_1_blk_mem_gen_0_0_synth_1"/>
		<Parent Id="design_1_axi_smc_0_synth_1"/>
		<Parent Id="design_1_axi_bram_ctrl_0_0_synth_1"/>
	</Run>
	<Parameters>
		<Parameter Name="runs.monitorLSFJobs" Val="true" Type="bool"/>
	</Parameters>
</Runs>

